PCSUP,DaoInter,DaoInterface,0
PCSUP,PCBoard,PCBoard,0
PCSUP,IDispS,1.00.00,0
PCSUP,EventMed,EventMediator,0
PCSUP,BrokerPC,EventMediator.BrokerPC_APX4D11,0
PCSUP,MsgPortU,MsgPortUDP_Em1D11,0
PCSUP,UdpSok~0,MsgPortUDP_Em1D11.UdpSok,0
PCSUP,Broker~0,EventMediator.BrokerPC_APX4D12,0
PCSUP,MsgPor~0,MsgPortUDP_Em1D12,0
PCSUP,UdpSok~1,MsgPortUDP_Em1D12.UdpSok,0
PCSUP,Broker~1,EventMediator.BrokerPC_APX4D21,0
PCSUP,MsgPor~1,MsgPortUDP_Em1D21,0
PCSUP,UdpSok~2,MsgPortUDP_Em1D21.UdpSok,0
PCSUP,Broker~2,EventMediator.BrokerPC_APX4D22,0
PCSUP,MsgPor~2,MsgPortUDP_Em1D22,0
PCSUP,UdpSok~3,MsgPortUDP_Em1D22.UdpSok,0
PCSUP,Broker~3,EventMediator.BrokerPC_ILPPC,0
PCSUP,MsgPor~3,BrokerPC_ILPPC.MsgPortUDP_Em12,0
PCSUP,UdpSok~4,MsgPortUDP_Em12.UdpSok,0
PCSUP,Broker~4,EventMediator.BrokerPC_SCPPC,0
PCSUP,MsgPor~4,BrokerPC_SCPPC.MsgPortUDP_Em13,0
PCSUP,UdpSok~5,MsgPortUDP_Em13.UdpSok,0
PCSUP,Broker~5,EventMediator.BrokerPC_THSPPC,0
PCSUP,MsgPor~5,MsgPortUDP_Em14,0
PCSUP,UdpSok~6,MsgPortUDP_Em14.UdpSok,0
PCSUP,AgrDataT,AgrDataTransporter,0
PCSUP,DiskData,DiskDataTransporter,0
PCSUP,FaultMan,FaultManager,0
PCSUP,GilgenFT,GilgenFTM,0
PCSUP,TCPProto,GilgenFTM.TCPProtocol,0
PCSUP,GilgenAT,GilgenATLS1,0
PCSUP,TCPPro~0,GilgenATLS1.TCPProtocol,0
PCSUP,GilgenTM,GilgenTMS,0
PCSUP,log,log,0
PCSUP,Top2000,Top2000,0
PCSUP,FileSyst,FileSystemObject,0
PCSUP,EPBuildr,EPBuildr,0
PCSUP,IL1_____,IL1_____,0
PCSUP,IL1_FE1_,IL1_FE1_,0
PCSUP,IL1_FE2_,IL1_FE2_,0
PCSUP,IL2_____,IL2_____,0
PCSUP,IL2_FE1_,IL2_FE1_,0
PCSUP,IL2_FE2_,IL2_FE2_,0
PCSUP,SortConv,SortConveyor,0
PCSUP,UpperCnv,UpperCnvr,0
PCSUP,LowerCnv,LowerCnvr,0
PCSUP,Fe11Stat,Top2000.Fe11Stat,0
PCSUP,Fe12Stat,Top2000.Fe12Stat,0
PCSUP,Fe21Stat,Top2000.Fe21Stat,0
PCSUP,Fe22Stat,Top2000.Fe22Stat,0
PCSUP,LogicalA,LogicalAddressQualifierCatalog,0
PCSUP,InputMan,Top2000.InputManager,0
PCSUP,OutputMa,Top2000.OutputManager,0
PCSUP,PS1_THSy,PS1_THSy,0
PCSUP,ETACS_UR,PS1_THSy.ETAC_Upp.ETACS_UR,0
PCSUP,ETACS_UL,PS1_THSy.ETAC_Upp.ETACS_UL,0
PCSUP,ETACS_LR,PS1_THSy.ETAC_Low.ETACS_LR,0
PCSUP,ETACS_LL,PS1_THSy.ETAC_Low.ETACS_LL,0
PCSUP,MsgBroke,Top2000.MsgBroker12,0
PCSUP,MsgPor~6,MsgBroker12.MsgPortUDP_Top12,0
PCSUP,UdpSok~7,MsgPortUDP_Top12.UdpSok,0
PCSUP,Maintena,Top2000.Maintenance,0
PCSUP,JamMerB1,Maintenance.JamMerB1IL1,0
PCSUP,MPSC_IL1,Maintenance.MPSC_IL1_FEEDER1,0
PCSUP,Occurenc,OccurenceRateDatabase,0
PCSUP,JamMerB2,Maintenance.JamMerB2IL1,0
PCSUP,MPSC_I~0,Maintenance.MPSC_IL1_FEEDER2,0
PCSUP,JamAcqB1,Maintenance.JamAcqB1IL1,0
PCSUP,MPSC_I~1,Top2000.Maintenance.MPSC_IL1,0
PCSUP,JamMrkB1,Maintenance.JamMrkB1IL1,0
PCSUP,JamCulB1,Maintenance.JamCulB1IL1,0
PCSUP,JamCulB2,Maintenance.JamCulB2IL1,0
PCSUP,JamCulB3,Maintenance.JamCulB3IL1,0
PCSUP,JamCulB5,Maintenance.JamCulB5IL1,0
PCSUP,JamInjB1,Maintenance.JamInjB1IL1,0
PCSUP,JamInjB2,Maintenance.JamInjB2IL1,0
PCSUP,IL1Feede,IL1Feeder1AdvanceAdjustment,0
PCSUP,IL1Fee~0,IL1Feeder1CatchUpNeeded,0
PCSUP,IL1Fee~1,IL1Feeder1LowPressure,0
PCSUP,IL1Fee~2,IL1Feeder2AdvanceAdjustment,0
PCSUP,IL1Fee~3,IL1Feeder2CatchUpNeeded,0
PCSUP,IL1Fee~4,IL1Feeder2LowPressure,0
PCSUP,JamIL1ME,Maintenance.JamIL1MERB3,0
PCSUP,JamIL1EX,Maintenance.JamIL1EXTB1,0
PCSUP,JamMer~0,Maintenance.JamMerB1IL2,0
PCSUP,MPSC_IL2,Maintenance.MPSC_IL2_FEEDER1,0
PCSUP,JamMer~1,Maintenance.JamMerB2IL2,0
PCSUP,MPSC_I~2,Maintenance.MPSC_IL2_FEEDER2,0
PCSUP,JamAcq~0,Maintenance.JamAcqB1IL2,0
PCSUP,MPSC_I~3,Top2000.Maintenance.MPSC_IL2,0
PCSUP,JamMrk~0,Maintenance.JamMrkB1IL2,0
PCSUP,JamCul~0,Maintenance.JamCulB1IL2,0
PCSUP,JamCul~1,Maintenance.JamCulB2IL2,0
PCSUP,JamCul~2,Maintenance.JamCulB3IL2,0
PCSUP,JamCul~3,Maintenance.JamCulB5IL2,0
PCSUP,JamInj~0,Maintenance.JamInjB1IL2,0
PCSUP,JamInj~1,Maintenance.JamInjB2IL2,0
PCSUP,IL2Feede,IL2Feeder1AdvanceAdjustment,0
PCSUP,IL2Fee~0,IL2Feeder1CatchUpNeeded,0
PCSUP,IL2Fee~1,IL2Feeder1LowPressure,0
PCSUP,IL2Fee~2,IL2Feeder2AdvanceAdjustment,0
PCSUP,IL2Fee~3,IL2Feeder2CatchUpNeeded,0
PCSUP,IL2Fee~4,IL2Feeder2LowPressure,0
PCSUP,JamIL2ME,Maintenance.JamIL2MERB3,0
PCSUP,JamIL2EX,Maintenance.JamIL2EXTB1,0
PCSUP,THSOutpu,THSOutputTrayFailed,0
PCSUP,OutputOc,OutputOccurenceDatabase,0
PCSUP,ETACStra,ETACStraightConveyorJams,0
PCSUP,UpperLef,UpperLeftETACJamObserver,0
PCSUP,UpperRig,UpperRightETACJamObserver,0
PCSUP,LowerLef,LowerLeftETACJamObserver,0
PCSUP,LowerRig,LowerRightETACJamObserver,0
PCSUP,UpperUTu,UpperUTurnJamObserver,0
PCSUP,LowerUTu,LowerUTurnJamObserver,0
PCSUP,T2KBCInc,2KBCInconsistentPlateDetection,0
PCSUP,UpperBac,UpperBack,0
PCSUP,UpperFro,UpperFront,0
PCSUP,LowerBac,LowerBack,0
PCSUP,LowerFro,LowerFront,0
PCSUP,Tracabil,Top2000.TracabilityMarks,0
PCSUP,IL1_PRI1,IL1_____.IL1_PRI1,0
PCSUP,IL2_PRI2,IL2_____.IL2_PRI2,0
PCSUP,Role,GilgenFTM.Role,0
PCSUP,Role~0,GilgenATLS1.Role,0
PCSUP,Role~1,GilgenTMS.Role,0
PCSUP,MPRProv,MPRProv,0
PCSUP,Statisti,StatisticManager,0
PCSUP,TimeCnt,TimeCnt,0
PCSUP,EtrConve,EtrConveyorWorkingTime,0
PCSUP,EtrCon~0,EtrConveyorStopTime,0
PCSUP,EtrCon~1,EtrConveyorIdleTime,0
PCSUP,EtrCon~2,veyorUpperCarousselWorkingTime,0
PCSUP,EtrCon~3,veyorLowerCarousselWorkingTime,0
PCSUP,EtrInput,EtrInputLine1WorkingTime,0
PCSUP,EtrInp~0,EtrInputLine1StopTime,0
PCSUP,EtrInp~1,EtrInputLine1IdleTime,0
PCSUP,EtrInp~2,EtrInputLine1Motor1WorkingTime,0
PCSUP,EtrInp~3,EtrInputLine1Motor2WorkingTime,0
PCSUP,EtrInp~4,EtrInputLine1Motor3WorkingTime,0
PCSUP,EtrInp~5,EtrInputLine1Motor4WorkingTime,0
PCSUP,EtrInp~6,EtrInputLine1Motor5WorkingTime,0
PCSUP,EtrInp~7,trInputLine1Feeder1WorkingTime,0
PCSUP,EtrInp~8,EtrInputLine1Feeder1IdleTime,0
PCSUP,EtrInp~9,EtrInputLine1Feeder1StopTime,0
PCSUP,EtrInp~a,tLine1Feeder1Motor1WorkingTime,0
PCSUP,EtrInp~b,tLine1Feeder1Motor2WorkingTime,0
PCSUP,EtrInp~c,tLine1Feeder1Motor3WorkingTime,0
PCSUP,EtrInp~d,trInputLine1Feeder2WorkingTime,0
PCSUP,EtrInp~e,EtrInputLine1Feeder2IdleTime,0
PCSUP,EtrInp~f,EtrInputLine1Feeder2StopTime,0
PCSUP,EtrIn~00,tLine1Feeder2Motor1WorkingTime,0
PCSUP,EtrIn~01,tLine1Feeder2Motor2WorkingTime,0
PCSUP,EtrIn~02,tLine1Feeder2Motor3WorkingTime,0
PCSUP,EtrIcsWo,EtrIcsWorkingTime,0
PCSUP,EtrIcsNe,EtrIcsNeedingTrays,0
PCSUP,EtrIn~03,EtrInputLine2WorkingTime,0
PCSUP,EtrIn~04,EtrInputLine2StopTime,0
PCSUP,EtrIn~05,EtrInputLine2IdleTime,0
PCSUP,EtrIn~06,EtrInputLine2Motor1WorkingTime,0
PCSUP,EtrIn~07,EtrInputLine2Motor2WorkingTime,0
PCSUP,EtrIn~08,EtrInputLine2Motor3WorkingTime,0
PCSUP,EtrIn~09,EtrInputLine2Motor4WorkingTime,0
PCSUP,EtrIn~0a,EtrInputLine2Motor5WorkingTime,0
PCSUP,EtrIn~0b,trInputLine2Feeder1WorkingTime,0
PCSUP,EtrIn~0c,EtrInputLine2Feeder1IdleTime,0
PCSUP,EtrIn~0d,EtrInputLine2Feeder1StopTime,0
PCSUP,EtrIn~0e,tLine2Feeder1Motor1WorkingTime,0
PCSUP,EtrIn~0f,tLine2Feeder1Motor2WorkingTime,0
PCSUP,EtrIn~10,tLine2Feeder1Motor3WorkingTime,0
PCSUP,EtrIn~11,trInputLine2Feeder2WorkingTime,0
PCSUP,EtrIn~12,EtrInputLine2Feeder2IdleTime,0
PCSUP,EtrIn~13,EtrInputLine2Feeder2StopTime,0
PCSUP,EtrIn~14,tLine2Feeder2Motor1WorkingTime,0
PCSUP,EtrIn~15,tLine2Feeder2Motor2WorkingTime,0
PCSUP,EtrIn~16,tLine2Feeder2Motor3WorkingTime,0
PCSUP,T2Kstat,T2Kstat,0
PCSUP,ICS,PS1_THSy.ICS,0
PCSUP,IL1_CULP,IL1_____.IL1_CULP,0
PCSUP,IL2_CULP,IL2_____.IL2_CULP,0
PCSUP,ETAC_Upp,PS1_THSy.ETAC_Upp,0
PCSUP,ETAC_Low,PS1_THSy.ETAC_Low,0
PCSUP,LowUTurn,PS1_THSy.ETAC_Low.LowUTurn,0
PCSUP,UppUTurn,PS1_THSy.ETAC_Upp.UppUTurn,0
PCSUP,FTC_UpRi,PS1_THSy.FTC_UpRi,0
PCSUP,FTC_UpLe,PS1_THSy.FTC_UpLe,0
PCSUP,FTC_LoRi,PS1_THSy.FTC_LoRi,0
PCSUP,FTC_LoLe,PS1_THSy.FTC_LoLe,0
PCSUP,Statis~0,StatisticWriter,0
PCSUP,MIS,MIS,0
PCSUP,IDR,IDR,0
PCSUP,RecordSe,RecordSession,0
PCSUP,IL1_INJ_,IL1_____.IL1_INJ_,0
PCSUP,IL2_INJ_,IL2_____.IL2_INJ_,0
PCSUP,IL1_MERG,IL1_____.IL1_CVR_.IL1_MERG,0
PCSUP,IL2_MERG,IL2_____.IL2_CVR_.IL2_MERG,0
PCSUP,IL1_MAIN,IL1_____.IL1_CVR_.IL1_MAIN,0
PCSUP,IL2_MAIN,IL2_____.IL2_CVR_.IL2_MAIN,0
PCSUP,TTC_UpRi,PS1_THSy.TTC_UpRi,0
PCSUP,TTC_UpLe,PS1_THSy.TTC_UpLe,0
PCSUP,TTC_LoRi,PS1_THSy.TTC_LoRi,0
PCSUP,TTC_LoLe,PS1_THSy.TTC_LoLe,0
PCSUP,Security,Top2000.SecurityChain,0
PCSUP,TLS,Top2000.TLS,0
PCSUP,IL1_UAI_,IL1_____.IL1_UAI_,0
PCSUP,IL1_ETQ_,IL1_____.IL1_ETQ_,0
PCSUP,IL1_URA_,IL1_____.IL1_URA_,0
PCSUP,IL1_ILS_,IL1_____.IL1_ILS_,0
PCSUP,IL1_BTV_,IL1_____.IL1_BTV_,0
PCSUP,IL1_BTR_,IL1_____.IL1_BTR_,0
PCSUP,IL2_UAI_,IL2_____.IL2_UAI_,0
PCSUP,IL2_ETQ_,IL2_____.IL2_ETQ_,0
PCSUP,IL2_URA_,IL2_____.IL2_URA_,0
PCSUP,IL2_ILS_,IL2_____.IL2_ILS_,0
PCSUP,IL2_BTV_,IL2_____.IL2_BTV_,0
PCSUP,IL2_BTR_,IL2_____.IL2_BTR_,0
PCSUP,MISStati,MISStatisticReader,0
PCSUP,FFG,FFG,0
PCSUP,MPDestEx,MPDestExtractor,0
PCSUP,FlowFile,FlowFile,0
PCSUP,EventInt,Top2000.EventInterface,0
PCSUP,S,GilgenATLS1.TCPProtocol.S,0
PCSUP,S~0,GilgenFTM.TCPProtocol.S,0
PCSUP,IL1_THR1,IL1_____.IL1_THR1,0
PCSUP,IL1_THR2,IL1_____.IL1_THR2,0
PCSUP,IL2_THR1,IL2_____.IL2_THR1,0
PCSUP,IL2_THR2,IL2_____.IL2_THR2,0
PCSUP,ILBoard,ILBoard,0
PCSUP,SCBoard,SCBoard,0
PCSUP,THSBoard,THSBoard,0
PCSUP,Role~2,Top2000.MaintIL1.Role,0
PCSUP,Role~3,Top2000.MaintIL2.Role,0
PCSUP,Role~4,Top2000.MaintSC1.Role,0
PCSUP,Role~5,Top2000.MaintSC2.Role,0
PCSUP,Role~6,Top2000.MaintSC3.Role,0
PCSUP,Role~7,Top2000.MaintSC6.Role,0
PCSUP,PATDStat,PS1_THSy.PATDStat,0
PCSUP,Role~8,PS1_THSy.PATDStat.Role,0
PCSUP,MsgPor~7,MsgBroker12.MsgPortUDP_Top12C,0
PCSUP,UdpSok~8,MsgPortUDP_Top12C.UdpSok,0
PCSUP,MB002,MB002,
